Dataset,n,mean,median,sd,iqr
EHR data,36,629285.0277777778,2307.5,2055363.2844775987,62439.5
FAERS,75,2921116.12,140183,8772159.026239507,1638324.5
KAERS,10,254293.4,4982,789068.8603549263,6993.5
Other,157,3373519.4840764333,24297,15335381.970210344,300824
Twitter,28,71613584.21428572,14787.5,377928476.17563057,65301.5
VAERS,27,68718.51851851853,2619,243113.96304904643,16291.5
